<Page xmlns="http://schemas.nativescript.org/tns.xsd" navigatingTo="navigatingTo">
    <ActionBar title="{{ language === 'fa' ? 'تقویم' : 'Calendar' }}" icon="">
        <ActionItem tap="{{ toggleLanguage }}" ios.position="right" android.position="actionBar">
            <Label text="{{ language === 'fa' ? 'EN' : 'FA' }}" />
        </ActionItem>
    </ActionBar>

    <ScrollView>
        <StackLayout class="p-4">
            <!-- Calendar Display -->
            <StackLayout class="bg-white dark:bg-gray-800 rounded-lg p-4 m-2 shadow">
                <Label text="{{ currentDate }}" class="text-2xl text-center font-bold mb-2" />
                <Label text="{{ hijriDate }}" class="text-lg text-center text-gray-600" />
                <Label text="{{ gregorianDate }}" class="text-lg text-center text-gray-600" />
            </StackLayout>

            <!-- Month Navigation -->
            <GridLayout columns="*, *, *" class="m-2">
                <Button col="0" text="&#x2190;" tap="{{ previousMonth }}" class="btn btn-primary" />
                <Label col="1" text="{{ currentMonth }}" class="text-lg text-center" />
                <Button col="2" text="&#x2192;" tap="{{ nextMonth }}" class="btn btn-primary" />
            </GridLayout>

            <!-- Developer Info -->
            <StackLayout class="bg-white dark:bg-gray-800 rounded-lg p-4 m-2 mt-4 shadow">
                <Label text="{{ language === 'fa' ? 'درباره توسعه‌دهنده' : 'About Developer' }}" class="text-xl text-center font-bold mb-2" />
                <Label text="Hessamedien" class="text-lg text-center" />
                <Button text="Instagram" tap="{{ openInstagram }}" class="btn btn-primary mt-2" />
            </StackLayout>
        </StackLayout>
    </ScrollView>
</Page>